BuscoID	Status	Contig	Start	End	Strand	Score	Length	OrthoDBURL	Description	MeanX	MedX	ModeX	DensX	CN	CIsyst	CIrand	DensK	SelfK	HomPC
2at3193	Duplicated	NC_057918.1	24037533	24198355	-	4721.7	3688	https://www.orthodb.org/v10?query=2at3193	Midasin	53.72	55	54	55.14	1.05	0.28	0.29	NA	NA	NA
2at3193	Duplicated	NC_057918.1	29007533	29191492	-	4784.5	3783	https://www.orthodb.org/v10?query=2at3193	Midasin	48	47	45	47.26	0.9	0.26	0.25	NA	NA	NA
438at3193	Duplicated	NC_057923.1	24144517	24289519	-	3857.6	2049	https://www.orthodb.org/v10?query=438at3193	dnaJ homolog subfamily C GRV2	45.42	46	46	45.86	0.87	0.26	0.24	NA	NA	NA
438at3193	Duplicated	NC_057917.1	72464338	72513875	+	4029.1	2099	https://www.orthodb.org/v10?query=438at3193	dnaJ homolog subfamily C GRV2	55.47	56	55	55.82	1.06	0.28	0.29	NA	NA	NA
827at3193	Duplicated	NC_057922.1	17392057	17468244	-	2110.1	1784	https://www.orthodb.org/v10?query=827at3193	Protein virilizer	51.86	51	42	49.83	0.95	0.27	0.26	NA	NA	NA
827at3193	Duplicated	NC_057916.1	17623535	17690355	-	2141.3	1830	https://www.orthodb.org/v10?query=827at3193	Protein virilizer	51.65	53	53	52.95	1.01	0.28	0.27	NA	NA	NA
1822at3193	Duplicated	NC_057919.1	15843125	15859869	-	1139.8	933	https://www.orthodb.org/v10?query=1822at3193	histone-lysine N-methyltransferase SUVR5	59.49	60	59	59.39	1.13	0.29	0.31	NA	NA	NA
1822at3193	Duplicated	NC_057920.1	10460042	10471055	-	1207.1	928	https://www.orthodb.org/v10?query=1822at3193	histone-lysine N-methyltransferase SUVR5	51.33	49	48	50.55	0.96	0.27	0.26	NA	NA	NA
2028at3193	Duplicated	NC_057924.1	62450009	62537536	-	1924.3	1083	https://www.orthodb.org/v10?query=2028at3193	protein NAP1	54.66	53	52	53.77	1.02	0.28	0.28	NA	NA	NA
2028at3193	Duplicated	NC_057917.1	83710597	83754140	-	1924.6	1087	https://www.orthodb.org/v10?query=2028at3193	protein NAP1	51.44	52	50	51.66	0.98	0.27	0.27	NA	NA	NA
2325at3193	Duplicated	NC_057917.1	60466003	60513299	+	1647.7	1198	https://www.orthodb.org/v10?query=2325at3193	Dicer dimerisation domain	53.12	54	47	53.35	1.01	0.28	0.28	NA	NA	NA
2325at3193	Duplicated	NC_057922.1	11735106	11841193	+	1682.8	1214	https://www.orthodb.org/v10?query=2325at3193	Dicer dimerisation domain	53.51	54	55	53.72	1.02	0.28	0.28	NA	NA	NA
2653at3193	Duplicated	NC_057917.1	77268508	77284025	-	2030.3	1141	https://www.orthodb.org/v10?query=2653at3193	WD40-repeat-containing domain	55.32	55	55	55.49	1.05	0.28	0.29	NA	NA	NA
2653at3193	Duplicated	NC_057920.1	48345610	48380708	+	2129.5	1221	https://www.orthodb.org/v10?query=2653at3193	WD40-repeat-containing domain	52.17	52	55	52.1	0.99	0.27	0.27	NA	NA	NA
3441at3193	Duplicated	NC_057917.1	3065031	3068831	-	2221.6	1112	https://www.orthodb.org/v10?query=3441at3193	5-oxoprolinase	57.63	58	58	57.65	1.1	0.29	0.3	NA	NA	NA
3441at3193	Duplicated	NC_057916.1	13867343	13871143	-	2249.1	1112	https://www.orthodb.org/v10?query=3441at3193	5-oxoprolinase	60.54	61	61	60.66	1.15	0.29	0.31	NA	NA	NA
3935at3193	Duplicated	NC_057919.1	15736306	15784379	-	1962.9	1017	https://www.orthodb.org/v10?query=3935at3193	P-type ATPase	44.29	45	45	44.52	0.85	0.25	0.23	NA	NA	NA
3935at3193	Duplicated	NC_057923.1	44284611	44394485	+	1968.8	1030	https://www.orthodb.org/v10?query=3935at3193	P-type ATPase	55.74	54	47	53.48	1.02	0.28	0.28	NA	NA	NA
4483at3193	Duplicated	NC_057917.1	4180350	4192585	-	1928.5	953	https://www.orthodb.org/v10?query=4483at3193	carbamoyl-phosphate synthase large chain, chloroplastic	48.45	48	51	48.59	0.92	0.26	0.25	NA	NA	NA
4483at3193	Duplicated	NC_057916.1	11147571	11177797	-	1929.4	953	https://www.orthodb.org/v10?query=4483at3193	carbamoyl-phosphate synthase large chain, chloroplastic	56.2	57	58	57.08	1.08	0.29	0.3	NA	NA	NA
4777at3193	Duplicated	NC_057920.1	6446976	6470015	-	1332.7	924	https://www.orthodb.org/v10?query=4777at3193	trafficking protein particle complex subunit 11	56.31	55	55	55.63	1.06	0.28	0.29	NA	NA	NA
4777at3193	Duplicated	NC_057919.1	7337429	7354174	+	1352.9	938	https://www.orthodb.org/v10?query=4777at3193	trafficking protein particle complex subunit 11	46.79	49	50	46.61	0.89	0.26	0.24	NA	NA	NA
5232at3193	Duplicated	NC_057925.1	15927722	15958376	+	1775.6	1019	https://www.orthodb.org/v10?query=5232at3193	F-box protein	51.47	52	53	51.78	0.98	0.27	0.27	NA	NA	NA
5232at3193	Duplicated	NC_057917.1	48236244	48253189	+	1797.5	1042	https://www.orthodb.org/v10?query=5232at3193	F-box protein	55.59	56	53	55.83	1.06	0.28	0.29	NA	NA	NA
7511at3193	Duplicated	NC_057916.1	4914731	4934381	-	1193.1	753	https://www.orthodb.org/v10?query=7511at3193	F-box protein	64.36	65	65	65.03	1.24	0.31	0.34	NA	NA	NA
7511at3193	Duplicated	NC_057922.1	2313117	2332845	-	1198.3	739	https://www.orthodb.org/v10?query=7511at3193	F-box protein	50.4	50	47	49.79	0.95	0.27	0.26	NA	NA	NA
7936at3193	Duplicated	NC_057919.1	17909649	17924749	-	1155.4	833	https://www.orthodb.org/v10?query=7936at3193	Armadillo-type fold	56.96	57	58	56.15	1.07	0.28	0.29	NA	NA	NA
7936at3193	Duplicated	NC_057920.1	12362953	12417095	-	1257.2	853	https://www.orthodb.org/v10?query=7936at3193	Armadillo-type fold	54.41	54	52	53.44	1.02	0.28	0.28	NA	NA	NA
8341at3193	Duplicated	NC_057920.1	3178845	3266794	+	1419.5	857	https://www.orthodb.org/v10?query=8341at3193	suppressor of RPS4-RLD 1	57.03	54	49	53.93	1.02	0.28	0.28	NA	NA	NA
8341at3193	Duplicated	NC_057919.1	5879768	5934932	-	1440.5	860	https://www.orthodb.org/v10?query=8341at3193	suppressor of RPS4-RLD 1	48.31	49	50	48.97	0.93	0.27	0.25	NA	NA	NA
9250at3193	Duplicated	NC_057919.1	17314340	17322587	+	1133.3	763	https://www.orthodb.org/v10?query=9250at3193	Gamma-tubulin complex component	53.95	54	53	53.84	1.02	0.28	0.28	NA	NA	NA
9250at3193	Duplicated	NC_057924.1	10612744	10620938	+	1224.3	798	https://www.orthodb.org/v10?query=9250at3193	Gamma-tubulin complex component	46.27	46	50	46.39	0.88	0.26	0.24	NA	NA	NA
10341at3193	Duplicated	NC_057925.1	42520146	42532957	-	1102.3	958	https://www.orthodb.org/v10?query=10341at3193	Abnormal spindle-like microcephaly-associated protein	51.07	52	55	51.44	0.98	0.27	0.27	NA	NA	NA
10341at3193	Duplicated	NC_057924.1	5528902	5548443	+	1145.5	1162	https://www.orthodb.org/v10?query=10341at3193	Abnormal spindle-like microcephaly-associated protein	74.56	71	70	70.64	1.34	0.32	0.37	NA	NA	NA
12350at3193	Duplicated	NC_057919.1	64046650	64062246	+	1376.5	734	https://www.orthodb.org/v10?query=12350at3193	Alpha-1,4 glucan phosphorylase	52.04	52	55	52.45	1	0.27	0.27	NA	NA	NA
12350at3193	Duplicated	NC_057917.1	17368506	17389441	+	1445.9	734	https://www.orthodb.org/v10?query=12350at3193	Alpha-1,4 glucan phosphorylase	52.57	53	57	52.93	1.01	0.28	0.27	NA	NA	NA
12350at3193	Duplicated	NC_057916.1	21723532	21736106	+	1464.1	734	https://www.orthodb.org/v10?query=12350at3193	Alpha-1,4 glucan phosphorylase	64.91	64	67	64.58	1.23	0.3	0.33	NA	NA	NA
12903at3193	Duplicated	NC_057923.1	18054233	18075670	-	1399	833	https://www.orthodb.org/v10?query=12903at3193	probable ubiquitin conjugation factor E4	54.07	53	50	53.92	1.02	0.28	0.28	NA	NA	NA
12903at3193	Duplicated	NC_057918.1	13293903	13308926	-	1416	830	https://www.orthodb.org/v10?query=12903at3193	probable ubiquitin conjugation factor E4	69.3	70	70	70.19	1.33	0.32	0.36	NA	NA	NA
13120at3193	Duplicated	NC_057923.1	1191068	1196621	-	1249.1	714	https://www.orthodb.org/v10?query=13120at3193	DNA helicase	56.45	56	56	56.46	1.07	0.28	0.29	NA	NA	NA
13120at3193	Duplicated	NC_057921.1	39416316	39421089	-	1286.2	702	https://www.orthodb.org/v10?query=13120at3193	DNA helicase	60.97	62	63	60.98	1.16	0.3	0.32	NA	NA	NA
13438at3193	Duplicated	NC_057916.1	59734825	59763963	-	712.9	606	https://www.orthodb.org/v10?query=13438at3193	Zinc finger, RanBP2-type	46.29	46	43	46.05	0.88	0.26	0.24	NA	NA	NA
13438at3193	Duplicated	NC_057921.1	53800074	53811414	-	772.9	661	https://www.orthodb.org/v10?query=13438at3193	Zinc finger, RanBP2-type	65.9	66	66	65.91	1.25	0.31	0.34	NA	NA	NA
13985at3193	Duplicated	NC_057922.1	9631708	9639649	+	1402.8	752	https://www.orthodb.org/v10?query=13985at3193	probable glucan 1,3-alpha-glucosidase	47.52	49	50	48.23	0.92	0.26	0.25	NA	NA	NA
13985at3193	Duplicated	NC_057916.1	10458896	10484463	-	1413.3	754	https://www.orthodb.org/v10?query=13985at3193	probable glucan 1,3-alpha-glucosidase	54.46	55	55	55.1	1.05	0.28	0.29	NA	NA	NA
14027at3193	Duplicated	NC_057925.1	51847884	51878412	+	901.8	613	https://www.orthodb.org/v10?query=14027at3193	Vacuolar sorting protein 39/Transforming growth factor beta receptor-associated domain 1	53.86	52	50	52.27	0.99	0.27	0.27	NA	NA	NA
14027at3193	Duplicated	NC_057916.1	29588804	29609623	+	962.3	667	https://www.orthodb.org/v10?query=14027at3193	Vacuolar sorting protein 39/Transforming growth factor beta receptor-associated domain 1	52.44	50	48	51.63	0.98	0.27	0.27	NA	NA	NA
14585at3193	Duplicated	NC_057923.1	63830702	63865048	-	1078.6	922	https://www.orthodb.org/v10?query=14585at3193	WD40-repeat-containing domain	44.47	44	45	43.78	0.83	0.25	0.23	NA	NA	NA
14585at3193	Duplicated	NC_057919.1	64892666	64939628	+	1135.8	923	https://www.orthodb.org/v10?query=14585at3193	WD40-repeat-containing domain	53.81	54	54	53.9	1.02	0.28	0.28	NA	NA	NA
15419at3193	Duplicated	NC_057918.1	22144898	22160796	-	1020	616	https://www.orthodb.org/v10?query=15419at3193	EGF-like, conserved site	63.16	66	67	63.77	1.21	0.3	0.33	NA	NA	NA
15419at3193	Duplicated	NC_057920.1	67562673	67584636	+	1049.4	611	https://www.orthodb.org/v10?query=15419at3193	EGF-like, conserved site	45.73	46	45	46.56	0.88	0.26	0.24	NA	NA	NA
15843at3193	Duplicated	NC_057922.1	9991253	10011792	-	1086.6	766	https://www.orthodb.org/v10?query=15843at3193	BRCT domain	53.11	52	52	52.69	1	0.27	0.27	NA	NA	NA
15843at3193	Duplicated	NC_057916.1	10153792	10184272	+	1109.6	748	https://www.orthodb.org/v10?query=15843at3193	BRCT domain	52.7	53	57	53.05	1.01	0.28	0.28	NA	NA	NA
15951at3193	Duplicated	NC_057923.1	1652330	1685705	-	1481.8	910	https://www.orthodb.org/v10?query=15951at3193	No exine formation 1	47.02	47	45	46.72	0.89	0.26	0.24	NA	NA	NA
15951at3193	Duplicated	NC_057918.1	890933	904482	-	1520.6	912	https://www.orthodb.org/v10?query=15951at3193	No exine formation 1	56.94	58	50	56.88	1.08	0.29	0.29	NA	NA	NA
16216at3193	Duplicated	NC_057924.1	57584481	57587144	-	1156	784	https://www.orthodb.org/v10?query=16216at3193	pentatricopeptide repeat-containing protein At3g06920	54.03	53	53	53.9	1.02	0.28	0.28	NA	NA	NA
16216at3193	Duplicated	NC_057922.1	19703420	19706098	-	1303.5	784	https://www.orthodb.org/v10?query=16216at3193	pentatricopeptide repeat-containing protein At3g06920	52.69	52	55	52.71	1	0.27	0.27	NA	NA	NA
17627at3193	Duplicated	NC_057922.1	13345436	13411082	+	1375.7	736	https://www.orthodb.org/v10?query=17627at3193	polyribonucleotide nucleotidyltransferase 2, mitochondrial	51.66	54	57	53.95	1.03	0.28	0.28	NA	NA	NA
17627at3193	Duplicated	NC_057923.1	61680244	61755346	-	1406.5	782	https://www.orthodb.org/v10?query=17627at3193	polyribonucleotide nucleotidyltransferase 2, mitochondrial	65.27	67	66	68.1	1.29	0.31	0.35	NA	NA	NA
19068at3193	Duplicated	NC_057922.1	24433583	24462345	+	992.6	582	https://www.orthodb.org/v10?query=19068at3193	Protein kinase domain	49.14	47	44	48.19	0.92	0.26	0.25	NA	NA	NA
19068at3193	Duplicated	NC_057918.1	69592853	69618521	-	1051.6	609	https://www.orthodb.org/v10?query=19068at3193	Protein kinase domain	58.47	58	55	58.5	1.11	0.29	0.3	NA	NA	NA
19439at3193	Duplicated	NC_057917.1	59110683	59149518	-	1025.9	727	https://www.orthodb.org/v10?query=19439at3193	Formin-like protein	51.04	50	48	50.73	0.96	0.27	0.26	NA	NA	NA
19439at3193	Duplicated	NC_057926.1	11584054	11618864	+	1159	725	https://www.orthodb.org/v10?query=19439at3193	Formin-like protein	57.24	56	62	56.85	1.08	0.29	0.29	NA	NA	NA
20132at3193	Duplicated	NC_057916.1	18438565	18466868	+	911.1	573	https://www.orthodb.org/v10?query=20132at3193	Replication factor C subunit 1	54.59	54	52	53.19	1.01	0.28	0.28	NA	NA	NA
20132at3193	Duplicated	NC_057917.1	49082678	49108947	+	1034.8	601	https://www.orthodb.org/v10?query=20132at3193	Replication factor C subunit 1	58.01	57	58	56.66	1.08	0.29	0.29	NA	NA	NA
21634at3193	Duplicated	NC_057923.1	48193736	48234452	-	1262.1	721	https://www.orthodb.org/v10?query=21634at3193	pentatricopeptide repeat-containing protein At5g04810, chloroplastic	52.41	53	55	52.86	1	0.28	0.27	NA	NA	NA
21634at3193	Duplicated	NC_057916.1	16763825	16788106	+	1278.9	706	https://www.orthodb.org/v10?query=21634at3193	pentatricopeptide repeat-containing protein At5g04810, chloroplastic	56.35	56	57	56.28	1.07	0.28	0.29	NA	NA	NA
24102at3193	Duplicated	NC_057917.1	62061407	62063773	+	1021.9	679	https://www.orthodb.org/v10?query=24102at3193	putative pentatricopeptide repeat-containing protein At2g01510	45.18	46	46	45.21	0.86	0.25	0.23	NA	NA	NA
24102at3193	Duplicated	NC_057926.1	52628931	52631387	+	1039.3	679	https://www.orthodb.org/v10?query=24102at3193	putative pentatricopeptide repeat-containing protein At2g01510	54.74	54	53	54.67	1.04	0.28	0.28	NA	NA	NA
25450at3193	Duplicated	NC_057919.1	10022813	10025248	+	1189.5	681	https://www.orthodb.org/v10?query=25450at3193	CSC1-like protein At4g35870	44.7	45	45	44.72	0.85	0.25	0.23	NA	NA	NA
25450at3193	Duplicated	NC_057920.1	18507765	18510230	+	1219.2	678	https://www.orthodb.org/v10?query=25450at3193	CSC1-like protein At4g35870	43.96	44	43	43.94	0.83	0.25	0.23	NA	NA	NA
25883at3193	Duplicated	NC_057916.1	3031974	3034259	+	1076.6	676	https://www.orthodb.org/v10?query=25883at3193	putative pentatricopeptide repeat-containing protein At1g74580	55.14	55	55	55.07	1.05	0.28	0.29	NA	NA	NA
25883at3193	Duplicated	NC_057923.1	57713825	57716089	+	1084.8	676	https://www.orthodb.org/v10?query=25883at3193	putative pentatricopeptide repeat-containing protein At1g74580	64.91	65	63	64.85	1.23	0.3	0.34	NA	NA	NA
26025at3193	Duplicated	NC_057922.1	4850174	4859279	-	958.5	630	https://www.orthodb.org/v10?query=26025at3193	lysine-specific demethylase JMJ25	59.12	59	60	59.23	1.13	0.29	0.31	NA	NA	NA
26025at3193	Duplicated	NC_057916.1	7308714	7316925	-	997.5	623	https://www.orthodb.org/v10?query=26025at3193	lysine-specific demethylase JMJ25	53.15	53	52	52.43	1	0.27	0.27	NA	NA	NA
26794at3193	Duplicated	NC_057924.1	24579775	24618556	-	1082.8	624	https://www.orthodb.org/v10?query=26794at3193	putative DEAD-box ATP-dependent RNA helicase 29	55.39	55	55	54.86	1.04	0.28	0.28	NA	NA	NA
26794at3193	Duplicated	NC_057916.1	8914642	8937152	+	1106.6	622	https://www.orthodb.org/v10?query=26794at3193	putative DEAD-box ATP-dependent RNA helicase 29	59.16	59	59	59.49	1.13	0.29	0.31	NA	NA	NA
32371at3193	Duplicated	NC_057921.1	48068767	48180556	+	809.8	460	https://www.orthodb.org/v10?query=32371at3193	THO complex subunit 1	51.46	51	48	50.89	0.97	0.27	0.26	NA	NA	NA
32371at3193	Duplicated	NC_057926.1	41352674	41435296	+	917.2	482	https://www.orthodb.org/v10?query=32371at3193	THO complex subunit 1	51.59	50	46	49.73	0.94	0.27	0.26	NA	NA	NA
32377at3193	Duplicated	NC_057925.1	61605720	61635444	-	832.7	520	https://www.orthodb.org/v10?query=32377at3193	uncharacterized protein C18orf8	61.58	61	60	61.56	1.17	0.3	0.32	NA	NA	NA
32377at3193	Duplicated	NC_057925.1	2359818	2389764	-	835.5	523	https://www.orthodb.org/v10?query=32377at3193	uncharacterized protein C18orf8	63.73	63	63	63.46	1.21	0.3	0.33	NA	NA	NA
38010at3193	Duplicated	NC_057925.1	57965577	57976299	+	752.7	523	https://www.orthodb.org/v10?query=38010at3193	Armadillo-type fold	44.49	46	47	44.8	0.85	0.25	0.23	NA	NA	NA
38010at3193	Duplicated	NC_057925.1	4170328	4183564	+	755.9	523	https://www.orthodb.org/v10?query=38010at3193	Armadillo-type fold	66.7	67	67	66.43	1.26	0.31	0.34	NA	NA	NA
38027at3193	Duplicated	NC_057918.1	4923710	4925977	-	742.6	471	https://www.orthodb.org/v10?query=38027at3193	pentatricopeptide repeat-containing protein At3g46610	38.66	38	37	38.59	0.73	0.24	0.2	NA	NA	NA
38027at3193	Duplicated	NC_057923.1	6464934	6467075	-	754.3	471	https://www.orthodb.org/v10?query=38027at3193	pentatricopeptide repeat-containing protein At3g46610	55.54	55	55	55.22	1.05	0.28	0.29	NA	NA	NA
38539at3193	Duplicated	NC_057916.1	35728332	35757802	-	977.4	567	https://www.orthodb.org/v10?query=38539at3193	pre-mRNA-splicing factor ATP-dependent RNA helicase DEAH10	44.37	43	42	42	0.8	0.25	0.22	NA	NA	NA
38539at3193	Duplicated	NC_057918.1	14797647	14813187	+	984.9	567	https://www.orthodb.org/v10?query=38539at3193	pre-mRNA-splicing factor ATP-dependent RNA helicase DEAH10	58.8	59	59	58.88	1.12	0.29	0.31	NA	NA	NA
39247at3193	Duplicated	NC_057916.1	86831610	86861676	-	756.1	426	https://www.orthodb.org/v10?query=39247at3193	Starch synthase, chloroplastic/amyloplastic	39.63	40	40	39.45	0.75	0.24	0.2	NA	NA	NA
39247at3193	Duplicated	NC_057921.1	67103301	67151350	-	786.7	455	https://www.orthodb.org/v10?query=39247at3193	Starch synthase, chloroplastic/amyloplastic	55.17	54	54	54.24	1.03	0.28	0.28	NA	NA	NA
39922at3193	Duplicated	NC_057922.1	65674808	65677009	+	1009.3	613	https://www.orthodb.org/v10?query=39922at3193	Pentatricopeptide repeat-containing protein	56.16	57	57	56.29	1.07	0.28	0.29	NA	NA	NA
39922at3193	Duplicated	NC_057924.1	56778215	56780416	+	1022	613	https://www.orthodb.org/v10?query=39922at3193	Pentatricopeptide repeat-containing protein	71	71	71	70.99	1.35	0.32	0.37	NA	NA	NA
41344at3193	Duplicated	NC_057923.1	55146560	55148625	+	933.5	555	https://www.orthodb.org/v10?query=41344at3193	pentatricopeptide repeat-containing protein At5g50390, chloroplastic	47.16	47	47	47.27	0.9	0.26	0.25	NA	NA	NA
41344at3193	Duplicated	NC_057920.1	68436552	68438681	+	975.7	554	https://www.orthodb.org/v10?query=41344at3193	pentatricopeptide repeat-containing protein At5g50390, chloroplastic	51.39	51	51	51.46	0.98	0.27	0.27	NA	NA	NA
43431at3193	Duplicated	NC_057921.1	60361244	60374337	-	589.3	431	https://www.orthodb.org/v10?query=43431at3193	flap endonuclease GEN-like 1	57.13	57	57	56.87	1.08	0.29	0.29	NA	NA	NA
43431at3193	Duplicated	NC_057916.1	78949544	78958218	-	605.7	429	https://www.orthodb.org/v10?query=43431at3193	flap endonuclease GEN-like 1	59.2	58	55	58.63	1.11	0.29	0.3	NA	NA	NA
43595at3193	Duplicated	NC_057918.1	8153906	8155495	+	875.3	442	https://www.orthodb.org/v10?query=43595at3193	pre-mRNA-processing factor 17	53.58	53	53	53.61	1.02	0.28	0.28	NA	NA	NA
43595at3193	Duplicated	NC_057923.1	11169477	11171252	-	916.4	479	https://www.orthodb.org/v10?query=43595at3193	pre-mRNA-processing factor 17	70.06	70	70	70.02	1.33	0.32	0.36	NA	NA	NA
44486at3193	Duplicated	NC_057923.1	3572852	3578316	-	502.7	389	https://www.orthodb.org/v10?query=44486at3193	Glucose-6-phosphate 1-dehydrogenase	67.17	67	68	67.27	1.28	0.31	0.35	NA	NA	NA
44486at3193	Duplicated	NC_057924.1	2352584	2362330	+	523.9	412	https://www.orthodb.org/v10?query=44486at3193	Glucose-6-phosphate 1-dehydrogenase	47.87	48	47	47.76	0.91	0.26	0.25	NA	NA	NA
44486at3193	Duplicated	NC_057918.1	2539517	2545483	-	534.2	413	https://www.orthodb.org/v10?query=44486at3193	Glucose-6-phosphate 1-dehydrogenase	45.78	46	48	45.91	0.87	0.26	0.24	NA	NA	NA
44486at3193	Duplicated	NC_057925.1	48352918	48358278	-	541.1	415	https://www.orthodb.org/v10?query=44486at3193	Glucose-6-phosphate 1-dehydrogenase	52.73	53	54	52.73	1	0.28	0.27	NA	NA	NA
44542at3193	Duplicated	NC_057918.1	66899316	66905316	-	927.4	465	https://www.orthodb.org/v10?query=44542at3193	Glutamyl-tRNA(Gln) amidotransferase subunit B, chloroplastic/mitochondrial	58.79	58	63	58.75	1.12	0.29	0.3	NA	NA	NA
44542at3193	Duplicated	NC_057919.1	63144891	63170246	+	931.1	465	https://www.orthodb.org/v10?query=44542at3193	Glutamyl-tRNA(Gln) amidotransferase subunit B, chloroplastic/mitochondrial	57.55	58	60	58.04	1.1	0.29	0.3	NA	NA	NA
45375at3193	Duplicated	NC_057916.1	68356281	68388378	+	1045.9	658	https://www.orthodb.org/v10?query=45375at3193	E3 ubiquitin-protein ligase HOS1	61.19	62	53	60.87	1.16	0.3	0.32	NA	NA	NA
45375at3193	Duplicated	NC_057921.1	57010882	57019886	+	1058.8	649	https://www.orthodb.org/v10?query=45375at3193	E3 ubiquitin-protein ligase HOS1	68.71	70	70	69.01	1.31	0.31	0.36	NA	NA	NA
45818at3193	Duplicated	NC_057917.1	69850981	69854123	+	630.6	431	https://www.orthodb.org/v10?query=45818at3193	probable LRR receptor-like serine/threonine-protein kinase At5g45780 isoform X1	55.18	55	55	55.15	1.05	0.28	0.29	NA	NA	NA
45818at3193	Duplicated	NC_057918.1	6870166	6875454	-	677.1	433	https://www.orthodb.org/v10?query=45818at3193	probable LRR receptor-like serine/threonine-protein kinase At5g45780 isoform X1	57.36	57	56	57.24	1.09	0.29	0.3	NA	NA	NA
45818at3193	Duplicated	NC_057917.1	66343239	66349853	-	725.3	401	https://www.orthodb.org/v10?query=45818at3193	probable LRR receptor-like serine/threonine-protein kinase At5g45780 isoform X1	57.8	58	65	57.81	1.1	0.29	0.3	NA	NA	NA
47240at3193	Duplicated	NC_057917.1	55484968	55487863	+	924.4	501	https://www.orthodb.org/v10?query=47240at3193	2-hydroxyacyl-CoA lyase	46.63	44	43	46.18	0.88	0.26	0.24	NA	NA	NA
47240at3193	Duplicated	NC_057926.1	56046729	56049418	-	935.6	496	https://www.orthodb.org/v10?query=47240at3193	2-hydroxyacyl-CoA lyase	58	57	57	57.89	1.1	0.29	0.3	NA	NA	NA
48546at3193	Duplicated	NC_057923.1	7523925	7532622	+	820.8	463	https://www.orthodb.org/v10?query=48546at3193	Aldehyde dehydrogenase domain	45.75	45	45	45.66	0.87	0.26	0.24	NA	NA	NA
48546at3193	Duplicated	NC_057918.1	10895640	10906048	-	879.1	463	https://www.orthodb.org/v10?query=48546at3193	Aldehyde dehydrogenase domain	56.19	56	56	56.21	1.07	0.28	0.29	NA	NA	NA
51046at3193	Duplicated	NC_057917.1	59544648	59546588	-	1024.9	592	https://www.orthodb.org/v10?query=51046at3193	pentatricopeptide repeat-containing protein At4g20090	50.61	51	51	50.57	0.96	0.27	0.26	NA	NA	NA
51046at3193	Duplicated	NC_057924.1	7372792	7374732	+	1029.2	592	https://www.orthodb.org/v10?query=51046at3193	pentatricopeptide repeat-containing protein At4g20090	54.31	54	54	54.61	1.04	0.28	0.28	NA	NA	NA
51536at3193	Duplicated	NC_057918.1	2607291	2621204	-	792.8	439	https://www.orthodb.org/v10?query=51536at3193	sphingosine-1-phosphate lyase	56.17	57	58	56.37	1.07	0.28	0.29	NA	NA	NA
51536at3193	Duplicated	NC_057923.1	3646736	3674998	-	813.3	441	https://www.orthodb.org/v10?query=51536at3193	sphingosine-1-phosphate lyase	56.49	55	54	55.87	1.06	0.28	0.29	NA	NA	NA
52464at3193	Duplicated	NC_057919.1	61798828	61809291	-	870.3	442	https://www.orthodb.org/v10?query=52464at3193	Conserved oligomeric Golgi complex subunit 8	46.75	46	46	46.48	0.88	0.26	0.24	NA	NA	NA
52464at3193	Duplicated	NC_057922.1	63123098	63130905	+	885.8	442	https://www.orthodb.org/v10?query=52464at3193	Conserved oligomeric Golgi complex subunit 8	58.46	59	61	58.59	1.11	0.29	0.3	NA	NA	NA
52743at3193	Duplicated	NC_057918.1	10868113	10870116	-	806.3	546	https://www.orthodb.org/v10?query=52743at3193	Transmembrane protein	47.7	47	46	47.63	0.91	0.26	0.25	NA	NA	NA
52743at3193	Duplicated	NC_057923.1	7630876	7632888	+	808	499	https://www.orthodb.org/v10?query=52743at3193	Transmembrane protein	57.53	58	58	57.55	1.09	0.29	0.3	NA	NA	NA
52839at3193	Duplicated	NC_057921.1	269980	322681	-	502.1	349	https://www.orthodb.org/v10?query=52839at3193	N-lysine methyltransferase	47.1	47	46	46.86	0.89	0.26	0.24	NA	NA	NA
52839at3193	Duplicated	NC_057921.1	539582	586081	+	511.1	384	https://www.orthodb.org/v10?query=52839at3193	N-lysine methyltransferase	47.61	48	48	47.96	0.91	0.26	0.25	NA	NA	NA
55426at3193	Duplicated	NC_057916.1	32545128	32549250	-	1005.3	617	https://www.orthodb.org/v10?query=55426at3193	Protein transport protein SEC23	58.54	59	59	58.68	1.12	0.29	0.3	NA	NA	NA
55426at3193	Duplicated	NC_057925.1	53676944	53681885	-	1039.6	636	https://www.orthodb.org/v10?query=55426at3193	Protein transport protein SEC23	44.83	45	46	44.91	0.85	0.25	0.23	NA	NA	NA
55581at3193	Duplicated	NC_057923.1	49997757	50002913	-	583.5	456	https://www.orthodb.org/v10?query=55581at3193	tRNA(Ile)-lysidine synthase, N-terminal	59.95	60	65	60.02	1.14	0.29	0.31	NA	NA	NA
55581at3193	Duplicated	NC_057918.1	15400004	15412575	+	602	434	https://www.orthodb.org/v10?query=55581at3193	tRNA(Ile)-lysidine synthase, N-terminal	53.19	52	51	52.77	1	0.28	0.27	NA	NA	NA
57296at3193	Duplicated	NC_057916.1	74746293	74784024	-	649.4	444	https://www.orthodb.org/v10?query=57296at3193	embryo defective 1381	52.39	52	52	51.09	0.97	0.27	0.26	NA	NA	NA
57296at3193	Duplicated	NC_057924.1	3641968	3651742	+	691.8	454	https://www.orthodb.org/v10?query=57296at3193	embryo defective 1381	71.3	71	70	71.09	1.35	0.32	0.37	NA	NA	NA
58217at3193	Duplicated	NC_057916.1	37199832	37205103	-	833.3	569	https://www.orthodb.org/v10?query=58217at3193	pentatricopeptide repeat-containing protein At3g09060	51.63	52	52	51.66	0.98	0.27	0.27	NA	NA	NA
58217at3193	Duplicated	NC_057916.1	21768300	21770354	+	882.4	590	https://www.orthodb.org/v10?query=58217at3193	pentatricopeptide repeat-containing protein At3g09060	48.52	48	48	48.51	0.92	0.26	0.25	NA	NA	NA
59418at3193	Duplicated	NC_057925.1	60369346	60394563	+	480.1	328	https://www.orthodb.org/v10?query=59418at3193	tRNA (guanine(37)-N1)-methyltransferase	51.4	51	48	51.06	0.97	0.27	0.26	NA	NA	NA
59418at3193	Duplicated	NC_057925.1	6571065	6593024	-	544.8	328	https://www.orthodb.org/v10?query=59418at3193	tRNA (guanine(37)-N1)-methyltransferase	50.33	50	48	50.02	0.95	0.27	0.26	NA	NA	NA
60903at3193	Duplicated	NC_057919.1	63096184	63119275	+	833.4	412	https://www.orthodb.org/v10?query=60903at3193	probable serine/threonine-protein phosphatase 2A regulatory subunit B subunit TON2	52.33	55	57	54.21	1.03	0.28	0.28	NA	NA	NA
60903at3193	Duplicated	NC_057922.1	34666404	34677881	-	842.7	413	https://www.orthodb.org/v10?query=60903at3193	probable serine/threonine-protein phosphatase 2A regulatory subunit B subunit TON2	51.63	52	52	51.69	0.98	0.27	0.27	NA	NA	NA
62778at3193	Duplicated	NC_057921.1	44983725	44985170	+	625.3	422	https://www.orthodb.org/v10?query=62778at3193	ultraviolet-B receptor UVR8	37.05	37	37	37.08	0.7	0.23	0.19	NA	NA	NA
62778at3193	Duplicated	NC_057924.1	12930740	12940084	-	729.5	422	https://www.orthodb.org/v10?query=62778at3193	ultraviolet-B receptor UVR8	72.85	75	76	74.8	1.42	0.33	0.39	NA	NA	NA
64632at3193	Duplicated	NC_057921.1	56252251	56283926	+	417.2	352	https://www.orthodb.org/v10?query=64632at3193	protein VASCULAR ASSOCIATED DEATH 1, chloroplastic	42.08	42	42	41.95	0.8	0.25	0.22	NA	NA	NA
64632at3193	Duplicated	NC_057916.1	66620356	66765019	+	473	352	https://www.orthodb.org/v10?query=64632at3193	protein VASCULAR ASSOCIATED DEATH 1, chloroplastic	44.37	43	42	43.39	0.82	0.25	0.23	NA	NA	NA
131839at3193	Duplicated	NC_057922.1	60603471	60605594	+	391.5	212	https://www.orthodb.org/v10?query=131839at3193	transcription factor MYB80	51.19	51	51	51.08	0.97	0.27	0.26	NA	NA	NA
131839at3193	Duplicated	NC_057917.1	51147611	51148897	-	403.4	214	https://www.orthodb.org/v10?query=131839at3193	transcription factor MYB80	52.81	53	53	52.81	1	0.28	0.27	NA	NA	NA
135464at3193	Duplicated	NC_057918.1	31939511	31943068	-	239.2	324	https://www.orthodb.org/v10?query=135464at3193	2-isopropylmalate synthase	53.01	54	55	53.16	1.01	0.28	0.28	NA	NA	NA
135464at3193	Duplicated	NC_057920.1	64924264	64927814	-	252.5	338	https://www.orthodb.org/v10?query=135464at3193	2-isopropylmalate synthase	60.36	61	61	60.45	1.15	0.29	0.31	NA	NA	NA
136660at3193	Duplicated	NC_057917.1	77220949	77224815	+	414.5	219	https://www.orthodb.org/v10?query=136660at3193	urease accessory protein G	48.46	48	47	48.19	0.92	0.26	0.25	NA	NA	NA
136660at3193	Duplicated	NC_057924.1	43762671	43772902	+	437	219	https://www.orthodb.org/v10?query=136660at3193	urease accessory protein G	58.81	59	60	58.85	1.12	0.29	0.31	NA	NA	NA
141833at3193	Duplicated	NC_057924.1	15629272	15653510	-	362	248	https://www.orthodb.org/v10?query=141833at3193	mitochondrial arginine transporter BAC1 isoform X1	56.46	56	56	56.12	1.07	0.28	0.29	NA	NA	NA
141833at3193	Duplicated	NC_057920.1	54657827	54658725	+	365.7	243	https://www.orthodb.org/v10?query=141833at3193	mitochondrial arginine transporter BAC1 isoform X1	43.74	52	28	44	0.84	0.25	0.23	NA	NA	NA
142578at3193	Duplicated	NC_057916.1	7039954	7043547	+	520	272	https://www.orthodb.org/v10?query=142578at3193	alkylated DNA repair protein alkB homolog 8	49.52	49	49	49.43	0.94	0.27	0.26	NA	NA	NA
142578at3193	Duplicated	NC_057922.1	4687852	4691748	+	532	273	https://www.orthodb.org/v10?query=142578at3193	alkylated DNA repair protein alkB homolog 8	55.94	56	56	55.92	1.06	0.28	0.29	NA	NA	NA
143219at3193	Duplicated	NC_057919.1	5204381	5303625	-	430.2	305	https://www.orthodb.org/v10?query=143219at3193	putative oxidoreductase TDA3	61.53	60	57	59.64	1.13	0.29	0.31	NA	NA	NA
143219at3193	Duplicated	NC_057920.1	5156303	5157561	-	443.5	296	https://www.orthodb.org/v10?query=143219at3193	putative oxidoreductase TDA3	50.68	51	51	50.68	0.96	0.27	0.26	NA	NA	NA
154546at3193	Duplicated	NC_057916.1	5658762	5659829	-	420.5	288	https://www.orthodb.org/v10?query=154546at3193	tubulin-folding cofactor C	52.45	53	53	52.74	1	0.28	0.27	NA	NA	NA
154546at3193	Duplicated	NC_057925.1	60013244	60014311	-	422.4	287	https://www.orthodb.org/v10?query=154546at3193	tubulin-folding cofactor C	46.87	47	47	46.92	0.89	0.26	0.24	NA	NA	NA
154694at3193	Duplicated	NC_057916.1	6824049	6841375	+	349.6	184	https://www.orthodb.org/v10?query=154694at3193	Ribosome biogenesis protein	47.03	47	47	47.08	0.89	0.26	0.24	NA	NA	NA
154694at3193	Duplicated	NC_057922.1	4587359	4597820	+	350	185	https://www.orthodb.org/v10?query=154694at3193	Ribosome biogenesis protein	60.3	58	58	59.6	1.13	0.29	0.31	NA	NA	NA
155341at3193	Duplicated	NC_057916.1	1875604	1876416	+	388.3	234	https://www.orthodb.org/v10?query=155341at3193	pre-mRNA-splicing factor ISY1 homolog	51.15	51	51	51.2	0.97	0.27	0.27	NA	NA	NA
155341at3193	Duplicated	NC_057922.1	151266	152147	-	437.3	257	https://www.orthodb.org/v10?query=155341at3193	pre-mRNA-splicing factor ISY1 homolog	62.65	62	61	62.64	1.19	0.3	0.32	NA	NA	NA
155495at3193	Duplicated	NC_057921.1	50594835	50602764	-	812.1	549	https://www.orthodb.org/v10?query=155495at3193	Homing endonuclease	57.23	57	57	57.13	1.09	0.29	0.3	NA	NA	NA
155495at3193	Duplicated	NC_057926.1	48652888	48657240	+	813.5	549	https://www.orthodb.org/v10?query=155495at3193	Homing endonuclease	62.09	62	64	62.04	1.18	0.3	0.32	NA	NA	NA
157980at3193	Duplicated	NC_057922.1	8954748	8962765	+	407.3	238	https://www.orthodb.org/v10?query=157980at3193	Survival of motor neuron-related-splicing factor 30	51.08	51	52	51.16	0.97	0.27	0.27	NA	NA	NA
157980at3193	Duplicated	NC_057916.1	8059777	8067376	-	423.2	238	https://www.orthodb.org/v10?query=157980at3193	Survival of motor neuron-related-splicing factor 30	62.05	62	62	62.07	1.18	0.3	0.32	NA	NA	NA
158558at3193	Duplicated	NC_057926.1	46715839	46720703	-	141.9	158	https://www.orthodb.org/v10?query=158558at3193	RPA-interacting protein	73.49	74	78	73.64	1.4	0.32	0.38	NA	NA	NA
158558at3193	Duplicated	NC_057922.1	44663617	44720862	+	156.4	157	https://www.orthodb.org/v10?query=158558at3193	RPA-interacting protein	55	55	51	55.16	1.05	0.28	0.29	NA	NA	NA
159411at3193	Duplicated	NC_057922.1	15731275	15739037	-	390.7	233	https://www.orthodb.org/v10?query=159411at3193	TLC domain-containing protein 2	58.7	57	57	58.42	1.11	0.29	0.3	NA	NA	NA
159411at3193	Duplicated	NC_057922.1	48056049	48071270	+	392	233	https://www.orthodb.org/v10?query=159411at3193	TLC domain-containing protein 2	56.01	55	53	55.67	1.06	0.28	0.29	NA	NA	NA
160775at3193	Duplicated	NC_057923.1	8578172	8590551	+	505.4	519	https://www.orthodb.org/v10?query=160775at3193	Proline-rich family protein	63.18	63	63	63.32	1.2	0.3	0.33	NA	NA	NA
160775at3193	Duplicated	NC_057918.1	10132559	10146176	-	513.3	484	https://www.orthodb.org/v10?query=160775at3193	Proline-rich family protein	68.75	69	69	68.86	1.31	0.31	0.36	NA	NA	NA
162524at3193	Duplicated	NC_057920.1	30224033	30225016	-	315	229	https://www.orthodb.org/v10?query=162524at3193	glycosyltransferase family protein 64 C3	29.81	30	30	29.91	0.57	0.21	0.16	NA	NA	NA
162524at3193	Duplicated	NW_025317436.1	7683	8654	-	317.7	229	https://www.orthodb.org/v10?query=162524at3193	glycosyltransferase family protein 64 C3	25.47	25	25	25.39	0.48	0.19	0.13	NA	NA	NA
165834at3193	Duplicated	NC_057925.1	42017480	42036519	+	308.1	345	https://www.orthodb.org/v10?query=165834at3193	Rho GTPase-activating protein	49.77	49	48	49.04	0.93	0.27	0.25	NA	NA	NA
165834at3193	Duplicated	NC_057924.1	5768984	5773891	-	356.4	326	https://www.orthodb.org/v10?query=165834at3193	Rho GTPase-activating protein	55.62	55	54	55.6	1.06	0.28	0.29	NA	NA	NA
166295at3193	Duplicated	NC_057916.1	35772944	35773615	-	295.9	169	https://www.orthodb.org/v10?query=166295at3193	Ribosomal protein L18	57.06	57	57	57.03	1.08	0.29	0.3	NA	NA	NA
166295at3193	Duplicated	NC_057916.1	35777382	35778440	+	305.9	199	https://www.orthodb.org/v10?query=166295at3193	Ribosomal protein L18	58.55	59	59	58.56	1.11	0.29	0.3	NA	NA	NA
169584at3193	Duplicated	NC_057923.1	596710	642561	+	364.5	203	https://www.orthodb.org/v10?query=169584at3193	U2 small nuclear ribonucleoprotein A
169890at3193	Complete	NC_057916.1	86532545	86534149	+	341.2	174	https://www.orthodb.org/v10?query=169890at3193	thylakoid lumenal 17.4 kDa protein, chloroplastic
170532at3193	Complete	NC_057917.1	13531384	13533289	-	270.0	146	https://www.orthodb.org/v10?query=170532at3193	Protein of unknown function DUF4079
170724at3193	Complete	NC_057921.1	57830209	57835534	-	246.4	155	https://www.orthodb.org/v10?query=170724at3193	probable plastid-lipid-associated protein 11
170931at3193	Complete	NC_057921.1	40819276	40820277	+	284.6	178	https://www.orthodb.org/v10?query=170931at3193	homologous-pairing protein 2 homolog
170998at3193	Duplicated	NC_057919.1	2565026	2570773	-	260.7	162	https://www.orthodb.org/v10?query=170998at3193	CTLH, C-terminal LisH motif
170998at3193	Duplicated	NC_057920.1	911484	923308	+	267.6	159	https://www.orthodb.org/v10?query=170998at3193	CTLH, C-terminal LisH motif
171072at3193	Complete	NC_057925.1	50842812	50845939	+	373.0	204	https://www.orthodb.org/v10?query=171072at3193	Putative plastid-lipid-associated protein 6, chloroplastic
171079at3193	Complete	NC_057916.1	22092578	22094121	+	196.2	128	https://www.orthodb.org/v10?query=171079at3193	josephin-like protein
171124at3193	Complete	NC_057916.1	37153195	37166032	-	292.6	153	https://www.orthodb.org/v10?query=171124at3193	N-terminal acetyltransferase B complex catalytic subunit NAA20
171230at3193	Duplicated	NC_057921.1	56999551	57002067	-	358.8	182	https://www.orthodb.org/v10?query=171230at3193	probable mitochondrial import inner membrane translocase subunit TIM21
171230at3193	Duplicated	NC_057916.1	68318948	68321034	-	360.1	182	https://www.orthodb.org/v10?query=171230at3193	probable mitochondrial import inner membrane translocase subunit TIM21
171238at3193	Complete	NC_057921.1	38130765	38152376	+	341.5	188	https://www.orthodb.org/v10?query=171238at3193	Acclimation of photosynthesis to environment
171307at3193	Complete	NC_057917.1	17788197	17859816	-	296.6	162	https://www.orthodb.org/v10?query=171307at3193	acetyltransferase NSI
171623at3193	Complete	NC_057918.1	1105309	1110389	+	275.9	143	https://www.orthodb.org/v10?query=171623at3193	N-alpha-acetyltransferase MAK3
171667at3193	Complete	NC_057917.1	12004446	12041999	-	326.8	180	https://www.orthodb.org/v10?query=171667at3193	Protein of unknown function DUF1997
171888at3193	Complete	NC_057923.1	16957787	16967866	-	250.3	183	https://www.orthodb.org/v10?query=171888at3193	Stellacyanin
171958at3193	Complete	NC_057919.1	9629785	9630527	+	209.9	107	https://www.orthodb.org/v10?query=171958at3193	Zinc finger, DNL-type
172307at3193	Complete	NC_057923.1	18935433	18946825	+	307.3	178	https://www.orthodb.org/v10?query=172307at3193	methyltransferase-like protein 5
172331at3193	Complete	NC_057921.1	62992443	62997302	+	373.3	191	https://www.orthodb.org/v10?query=172331at3193	thylakoid lumenal protein TL20.3, chloroplastic
172612at3193	Duplicated	NC_057918.1	33331959	33335544	+	292.9	157	https://www.orthodb.org/v10?query=172612at3193	uncharacterized protein LOC110810733
172612at3193	Duplicated	NC_057917.1	13764982	13774240	-	301.6	153	https://www.orthodb.org/v10?query=172612at3193	uncharacterized protein LOC110810733
172938at3193	Complete	NC_057923.1	1758790	1761468	-	384.1	190	https://www.orthodb.org/v10?query=172938at3193	peptidyl-prolyl cis-trans isomerase FKBP19, chloroplastic
172964at3193	Complete	NC_057919.1	57769359	57772330	-	277.9	165	https://www.orthodb.org/v10?query=172964at3193	tagatose-6-phosphate ketose/aldose isomerase, putative (Mog1/PsbP/DUF1795-like photosystem II reaction center PsbP family protein)
173350at3193	Complete	NC_057924.1	2901884	2903516	+	291.3	161	https://www.orthodb.org/v10?query=173350at3193	N-acetyltransferase 9-like protein
173413at3193	Complete	NC_057926.1	45442274	45451446	+	327.9	227	https://www.orthodb.org/v10?query=173413at3193	Zinc finger, CCHC-type
173573at3193	Complete	NC_057918.1	1064598	1069069	-	308.6	197	https://www.orthodb.org/v10?query=173573at3193	Protein of unknown function DUF2301
173599at3193	Complete	NC_057925.1	1372106	1384280	+	190.4	166	https://www.orthodb.org/v10?query=173599at3193	Translation elongation factor P/YeiP
173609at3193	Complete	NC_057920.1	23093635	23095986	+	257.0	169	https://www.orthodb.org/v10?query=173609at3193	UPF0548 protein At2g17695
173677at3193	Complete	NC_057922.1	17330873	17348327	+	352.3	274	https://www.orthodb.org/v10?query=173677at3193	Nucleotide-binding, alpha-beta plait
173763at3193	Complete	NC_057926.1	50141399	50143499	-	344.2	219	https://www.orthodb.org/v10?query=173763at3193	N-alpha-acetyltransferase 40 isoform X1
174057at3193	Complete	NC_057922.1	45416324	45424967	-	360.7	190	https://www.orthodb.org/v10?query=174057at3193	Rieske 
174147at3193	Complete	NC_057922.1	67523947	67551152	+	314.9	201	https://www.orthodb.org/v10?query=174147at3193	Ankyrin repeat-containing domain
174182at3193	Duplicated	NC_057923.1	2909972	2914186	+	306.2	175	https://www.orthodb.org/v10?query=174182at3193	ubiquitin-conjugating enzyme E2 27
174182at3193	Duplicated	NC_057918.1	1905103	1907543	+	312.7	175	https://www.orthodb.org/v10?query=174182at3193	ubiquitin-conjugating enzyme E2 27
174618at3193	Complete	NC_057923.1	15068976	15077656	+	360.1	205	https://www.orthodb.org/v10?query=174618at3193	Protein of unknown function DUF3110
174683at3193	Complete	NC_057918.1	28316692	28327504	+	210.3	140	https://www.orthodb.org/v10?query=174683at3193	uncharacterized protein LOC103455776
174947at3193	Complete	NC_057917.1	72708367	72714653	-	401.1	319	https://www.orthodb.org/v10?query=174947at3193	RecQ mediated genome instability protein, DUF1767
175075at3193	Complete	NC_057916.1	28270054	28284300	-	332.9	163	https://www.orthodb.org/v10?query=175075at3193	glucose-induced degradation protein 4 homolog
175168at3193	Complete	NC_057916.1	13041874	13048886	-	328.1	174	https://www.orthodb.org/v10?query=175168at3193	psbP-like protein 1, chloroplastic
175201at3193	Complete	NC_057917.1	68261377	68262042	+	258.5	178	https://www.orthodb.org/v10?query=175201at3193	protein N-lysine methyltransferase METTL21A
175208at3193	Complete	NC_057921.1	60410419	60411257	+	284.7	165	https://www.orthodb.org/v10?query=175208at3193	ATP-dependent Clp protease ATP-binding subunit
175219at3193	Complete	NC_057918.1	1002591	1003982	+	287.6	161	https://www.orthodb.org/v10?query=175219at3193	protein COFACTOR ASSEMBLY OF COMPLEX C SUBUNIT B CCB1, chloroplastic
175488at3193	Complete	NC_057923.1	5832861	5838170	-	337.7	200	https://www.orthodb.org/v10?query=175488at3193	protein HHL1, chloroplastic
175499at3193	Duplicated	NC_057924.1	40640032	40640694	-	109.2	117	https://www.orthodb.org/v10?query=175499at3193	uncharacterized protein LOC109006535
175499at3193	Duplicated	NC_057919.1	3151130	3151879	+	121.9	120	https://www.orthodb.org/v10?query=175499at3193	uncharacterized protein LOC109006535
175499at3193	Duplicated	NC_057920.1	272301	272981	-	127.4	115	https://www.orthodb.org/v10?query=175499at3193	uncharacterized protein LOC109006535
175589at3193	Complete	NC_057916.1	82680731	82682322	-	286.2	168	https://www.orthodb.org/v10?query=175589at3193	Protein of unknown function DUF2358
175626at3193	Fragmented	NC_057916.1	36780993	36782624	+	118.2	84	https://www.orthodb.org/v10?query=175626at3193	Adenine phosphoribosyltransferase-like protein, putative (DUF2358)
175852at3193	Complete	NC_057920.1	49685330	49707547	+	277.9	154	https://www.orthodb.org/v10?query=175852at3193	probable plastid-lipid-associated protein 8, chloroplastic
176470at3193	Fragmented	NC_057923.1	64479501	64496628	-	125.7	81	https://www.orthodb.org/v10?query=176470at3193	Ribosomal protein L7Ae/L30e/S12e/Gadd45
176549at3193	Complete	NC_057918.1	58273237	58274262	+	302.1	214	https://www.orthodb.org/v10?query=176549at3193	Domain of unknown function DUF1995
176806at3193	Complete	NC_057924.1	589101	594565	+	290.8	159	https://www.orthodb.org/v10?query=176806at3193	Histidine phosphatase superfamily
176874at3193	Complete	NC_057924.1	4138789	4145783	-	249.9	220	https://www.orthodb.org/v10?query=176874at3193	uncharacterized protein LOC102621740
176959at3193	Complete	NC_057922.1	34313537	34322987	-	304.8	165	https://www.orthodb.org/v10?query=176959at3193	SEC-C motif protein
176969at3193	Complete	NC_057918.1	32947306	32952216	+	298.1	145	https://www.orthodb.org/v10?query=176969at3193	thylakoid lumenal 15.0 kDa protein 2, chloroplastic
177100at3193	Complete	NC_057924.1	13280053	13282501	+	269.3	193	https://www.orthodb.org/v10?query=177100at3193	CAAX amino terminal protease family protein
177107at3193	Complete	NC_057918.1	7005833	7010675	+	240.0	148	https://www.orthodb.org/v10?query=177107at3193	Mitochondrial import inner membrane translocase subunit Tim17/Tim22/Tim23 family protein
177446at3193	Duplicated	NC_057920.1	7828387	7886772	-	285.7	154	https://www.orthodb.org/v10?query=177446at3193	Anaphase-promoting complex subunit 10
177446at3193	Duplicated	NC_057919.1	13472403	13477864	-	287.9	158	https://www.orthodb.org/v10?query=177446at3193	Anaphase-promoting complex subunit 10
177486at3193	Complete	NC_057924.1	17754869	17769581	+	165.0	212	https://www.orthodb.org/v10?query=177486at3193	Phosphorelay protein
177502at3193	Complete	NC_057922.1	25192034	25199735	-	286.4	133	https://www.orthodb.org/v10?query=177502at3193	Actin-related protein 2/3 complex subunit 4
177680at3193	Complete	NC_057916.1	22022106	22022990	-	445.0	244	https://www.orthodb.org/v10?query=177680at3193	50S ribosomal protein L4, chloroplastic
177701at3193	Complete	NC_057918.1	48650177	48686234	-	290.9	148	https://www.orthodb.org/v10?query=177701at3193	peptidyl-prolyl cis-trans isomerase FKBP16-3, chloroplastic
177759at3193	Complete	NC_057919.1	7577615	7583900	-	300.2	152	https://www.orthodb.org/v10?query=177759at3193	peptidyl-prolyl cis-trans isomerase FKBP18, chloroplastic
177961at3193	Complete	NC_057918.1	8909304	8912528	+	245.6	127	https://www.orthodb.org/v10?query=177961at3193	uncharacterized protein At5g50100, mitochondrial
178005at3193	Complete	NC_057922.1	19315141	19327793	+	373.5	509	https://www.orthodb.org/v10?query=178005at3193	arginine/serine-rich coiled-coil protein 2 isoform X1
178095at3193	Complete	NC_057921.1	33843965	33847011	-	305.4	206	https://www.orthodb.org/v10?query=178095at3193	Membrane protein
178269at3193	Complete	NC_057923.1	49378336	49385966	+	234.8	137	https://www.orthodb.org/v10?query=178269at3193	nudC domain-containing protein 2
178271at3193	Complete	NC_057921.1	7833170	7880365	+	204.2	129	https://www.orthodb.org/v10?query=178271at3193	NADH dehydrogenase 
178308at3193	Complete	NC_057919.1	43592804	43608813	-	190.4	115	https://www.orthodb.org/v10?query=178308at3193	peptidyl-prolyl cis-trans isomerase FKBP16-1, chloroplastic isoform X1
178434at3193	Complete	NC_057924.1	7643814	7647900	+	430.4	231	https://www.orthodb.org/v10?query=178434at3193	Thioredoxin-like fold domain-containing protein MRL7L, chloroplastic
178501at3193	Complete	NC_057925.1	53242181	53270139	-	299.9	177	https://www.orthodb.org/v10?query=178501at3193	DNA repair protein XRCC4
178573at3193	Complete	NC_057916.1	84388820	84390942	-	186.7	103	https://www.orthodb.org/v10?query=178573at3193	1-acyl-sn-glycerol-3-phosphate acyltransferase
178774at3193	Complete	NC_057916.1	11595394	11596080	+	356.7	179	https://www.orthodb.org/v10?query=178774at3193	50S ribosomal protein L10, chloroplastic
179154at3193	Complete	NC_057917.1	52324112	52327201	-	178.5	150	https://www.orthodb.org/v10?query=179154at3193	Ubiquitin-like superfamily protein
179162at3193	Complete	NC_057923.1	14222903	14229303	-	369.7	203	https://www.orthodb.org/v10?query=179162at3193	rhodanese-like domain-containing protein 11, chloroplastic
179211at3193	Complete	NC_057923.1	62869541	62871779	+	286.2	161	https://www.orthodb.org/v10?query=179211at3193	nifU-like protein 1, chloroplastic
179434at3193	Complete	NC_057917.1	23714693	23732505	+	184.9	106	https://www.orthodb.org/v10?query=179434at3193	uncharacterized protein LOC101496302
179450at3193	Complete	NC_057922.1	41061478	41077341	-	306.2	157	https://www.orthodb.org/v10?query=179450at3193	PUA domain
179537at3193	Complete	NW_025317847.1	9162	22789	+	174.3	115	https://www.orthodb.org/v10?query=179537at3193	protein PLANT CADMIUM RESISTANCE 10
179584at3193	Complete	NC_057918.1	20177441	20178010	-	220.6	142	https://www.orthodb.org/v10?query=179584at3193	Molybdopterin synthase catalytic subunit
179638at3193	Complete	NC_057924.1	413752	436607	+	342.9	247	https://www.orthodb.org/v10?query=179638at3193	pre-mRNA-splicing factor CWC25 homolog
179742at3193	Duplicated	NC_057919.1	63494276	63509164	+	151.5	132	https://www.orthodb.org/v10?query=179742at3193	serine/threonine-protein phosphatase 4 regulatory subunit 2
179742at3193	Duplicated	NC_057922.1	34827988	34842646	-	169.7	124	https://www.orthodb.org/v10?query=179742at3193	serine/threonine-protein phosphatase 4 regulatory subunit 2
179820at3193	Complete	NC_057916.1	72541708	72544225	-	306.0	193	https://www.orthodb.org/v10?query=179820at3193	Dimethylallyl, adenosine tRNA methylthiotransferase
179931at3193	Complete	NC_057916.1	14933627	14934379	-	239.6	153	https://www.orthodb.org/v10?query=179931at3193	rhodanese-like domain-containing protein 10
180106at3193	Complete	NC_057918.1	19666298	19669639	-	245.1	136	https://www.orthodb.org/v10?query=180106at3193	SnoaL-like domain
180244at3193	Complete	NC_057925.1	32198708	32200375	+	216.7	152	https://www.orthodb.org/v10?query=180244at3193	RmlC-like cupin domain superfamily
180289at3193	Complete	NC_057919.1	7355673	7357560	-	290.9	153	https://www.orthodb.org/v10?query=180289at3193	psbP domain-containing protein 3, chloroplastic
180395at3193	Duplicated	NC_057921.1	53820777	53837121	+	279.5	185	https://www.orthodb.org/v10?query=180395at3193	uncharacterized protein LOC107877028
180395at3193	Duplicated	NC_057916.1	59845820	59879000	+	300.4	185	https://www.orthodb.org/v10?query=180395at3193	uncharacterized protein LOC107877028
180599at3193	Complete	NC_057926.1	50843337	50844137	-	315.1	177	https://www.orthodb.org/v10?query=180599at3193	aminoacyl tRNA synthase complex-interacting multifunctional protein 1
180615at3193	Complete	NC_057917.1	59318772	59359415	-	273.2	171	https://www.orthodb.org/v10?query=180615at3193	26S proteasome non-ATPase regulatory subunit 9
180839at3193	Complete	NC_057922.1	63224173	63225216	-	272.1	125	https://www.orthodb.org/v10?query=180839at3193	Glyoxalase/Bleomycin resistance protein/Dihydroxybiphenyl dioxygenase
181011at3193	Duplicated	NC_057922.1	35935151	35947042	-	181.0	124	https://www.orthodb.org/v10?query=181011at3193	Dynein beta chain, ciliary protein
181011at3193	Duplicated	NC_057919.1	62452889	62458948	-	183.3	124	https://www.orthodb.org/v10?query=181011at3193	Dynein beta chain, ciliary protein
181042at3193	Missing
181954at3193	Complete	NC_057919.1	5951105	5954320	-	215.4	137	https://www.orthodb.org/v10?query=181954at3193	YqgF/RNase H-like domain
182049at3193	Complete	NC_057925.1	56948081	56948881	-	243.7	167	https://www.orthodb.org/v10?query=182049at3193	DTW domain-containing protein 2
182056at3193	Complete	NC_057922.1	56563612	56583791	-	231.2	136	https://www.orthodb.org/v10?query=182056at3193	uncharacterized protein C9orf85 homolog
182204at3193	Complete	NC_057916.1	37071334	37090725	-	368.0	234	https://www.orthodb.org/v10?query=182204at3193	Chalcone isomerase
182258at3193	Complete	NC_057919.1	51001875	51036552	-	198.7	228	https://www.orthodb.org/v10?query=182258at3193	DNA-binding protein BIN4
182370at3193	Complete	NC_057921.1	68236888	68240698	+	331.7	216	https://www.orthodb.org/v10?query=182370at3193	ribosome-binding factor PSRP1, chloroplastic
182548at3193	Complete	NC_057917.1	66020615	66028227	-	221.7	138	https://www.orthodb.org/v10?query=182548at3193	protein Mpv17
183573at3193	Complete	NC_057922.1	63450949	63455110	-	259.9	187	https://www.orthodb.org/v10?query=183573at3193	UBP1-associated proteins 1C
183896at3193	Duplicated	NC_057920.1	10443305	10445683	+	294.9	160	https://www.orthodb.org/v10?query=183896at3193	Ribosomal protein S5 domain 2-type fold
183896at3193	Duplicated	NC_057919.1	15808759	15816991	+	299.0	159	https://www.orthodb.org/v10?query=183896at3193	Ribosomal protein S5 domain 2-type fold
184242at3193	Complete	NC_057917.1	56300237	56339829	-	280.9	182	https://www.orthodb.org/v10?query=184242at3193	protein PTST, chloroplastic
184250at3193	Duplicated	NC_057922.1	60264860	60307341	+	271.8	169	https://www.orthodb.org/v10?query=184250at3193	RWD domain-containing protein 1
184250at3193	Duplicated	NC_057918.1	25945894	25961043	+	283.3	169	https://www.orthodb.org/v10?query=184250at3193	RWD domain-containing protein 1
184280at3193	Complete	NC_057921.1	47710266	47723568	-	232.7	172	https://www.orthodb.org/v10?query=184280at3193	Tetratricopeptide repeat
184565at3193	Complete	NC_057916.1	25462151	25477814	+	248.6	134	https://www.orthodb.org/v10?query=184565at3193	Peptidyl-prolyl cis-trans isomerase
184637at3193	Complete	NC_057916.1	20124471	20135570	+	275.0	157	https://www.orthodb.org/v10?query=184637at3193	DNA repair REX1-B protein
184869at3193	Complete	NC_057918.1	351963	358538	-	209.5	103	https://www.orthodb.org/v10?query=184869at3193	Glutaredoxin
184923at3193	Complete	NC_057919.1	17566243	17573614	+	269.4	183	https://www.orthodb.org/v10?query=184923at3193	Matrin/U1-C-like, C2H2-type zinc finger
184963at3193	Complete	NC_057918.1	15117694	15119316	-	233.4	143	https://www.orthodb.org/v10?query=184963at3193	peptidyl-prolyl cis-trans isomerase E
185081at3193	Complete	NC_057920.1	58600173	58611071	+	220.9	122	https://www.orthodb.org/v10?query=185081at3193	thioredoxin-like protein 4B
185097at3193	Complete	NC_057923.1	65274606	65275307	-	237.4	147	https://www.orthodb.org/v10?query=185097at3193	NAD(P)H-quinone oxidoreductase subunit S, chloroplastic
185149at3193	Duplicated	NC_057925.1	56115622	56117663	-	494.5	372	https://www.orthodb.org/v10?query=185149at3193	protein AUXIN RESPONSE 4
185149at3193	Duplicated	NC_057916.1	36959637	36961722	+	497.5	369	https://www.orthodb.org/v10?query=185149at3193	protein AUXIN RESPONSE 4
185202at3193	Complete	NC_057923.1	64381261	64403516	-	172.2	142	https://www.orthodb.org/v10?query=185202at3193	protein FAM192A
185210at3193	Complete	NC_057926.1	50420926	50424740	-	202.0	156	https://www.orthodb.org/v10?query=185210at3193	cyclin-J18
185632at3193	Complete	NC_057918.1	62413026	62462546	+	244.8	169	https://www.orthodb.org/v10?query=185632at3193	Reticulon-like protein
186115at3193	Complete	NC_057921.1	65192884	65201502	+	243.6	196	https://www.orthodb.org/v10?query=186115at3193	F-box domain
186149at3193	Complete	NC_057916.1	29582785	29588572	-	236.3	118	https://www.orthodb.org/v10?query=186149at3193	putative peptidyl-tRNA hydrolase PTRHD1
186228at3193	Complete	NC_057916.1	21601639	21632012	-	210.6	140	https://www.orthodb.org/v10?query=186228at3193	OTU domain-containing protein At3g57810
186725at3193	Complete	NC_057917.1	80639767	80644504	-	217.1	182	https://www.orthodb.org/v10?query=186725at3193	Very-long-chain (3R)-3-hydroxyacyl-CoA dehydratase
186996at3193	Complete	NC_057916.1	15969616	15970341	+	223.2	189	https://www.orthodb.org/v10?query=186996at3193	Differentiation-associated protein 1, putative isoform 1
187034at3193	Complete	NC_057917.1	64352674	64354749	+	183.3	105	https://www.orthodb.org/v10?query=187034at3193	DCC family protein At1g52590, chloroplastic
187064at3193	Complete	NC_057919.1	6253283	6257411	+	219.4	116	https://www.orthodb.org/v10?query=187064at3193	histone deacetylase 6
187120at3193	Complete	NC_057921.1	67266461	67267375	+	312.2	180	https://www.orthodb.org/v10?query=187120at3193	Molybdopterin cofactor biosynthesis C (MoaC) domain
187340at3193	Complete	NC_057925.1	2247350	2248309	-	298.6	193	https://www.orthodb.org/v10?query=187340at3193	uncharacterized protein LOC101489708
187345at3193	Complete	NC_057916.1	25901952	25904654	-	209.3	118	https://www.orthodb.org/v10?query=187345at3193	multiple myeloma tumor-associated protein 2 homolog
187437at3193	Duplicated	NC_057920.1	64984064	64985277	-	224.5	145	https://www.orthodb.org/v10?query=187437at3193	NAD(P)H-quinone oxidoreductase subunit T, chloroplastic
187437at3193	Duplicated	NC_057919.1	24355587	24356995	-	232.6	148	https://www.orthodb.org/v10?query=187437at3193	NAD(P)H-quinone oxidoreductase subunit T, chloroplastic
187627at3193	Complete	NC_057926.1	40538103	40561892	+	267.3	169	https://www.orthodb.org/v10?query=187627at3193	Ubiquitin domain
187746at3193	Complete	NC_057923.1	60237096	60240097	+	220.6	196	https://www.orthodb.org/v10?query=187746at3193	Non-structural protein
187828at3193	Duplicated	NC_057923.1	9827329	9828339	-	217.3	184	https://www.orthodb.org/v10?query=187828at3193	Protein of unknown function DUF716 (TMEM45)
187828at3193	Duplicated	NC_057918.1	9220202	9221167	+	239.7	208	https://www.orthodb.org/v10?query=187828at3193	Protein of unknown function DUF716 (TMEM45)
187952at3193	Duplicated	NC_057916.1	79152483	79152947	+	214.0	103	https://www.orthodb.org/v10?query=187952at3193	uncharacterized protein ycf20
187952at3193	Duplicated	NC_057925.1	15827920	15828384	+	217.9	103	https://www.orthodb.org/v10?query=187952at3193	uncharacterized protein ycf20
188047at3193	Complete	NC_057921.1	68881275	68883612	-	350.5	180	https://www.orthodb.org/v10?query=188047at3193	Protein of unknown function DUF4079
188054at3193	Complete	NC_057922.1	59789485	59808282	+	306.0	185	https://www.orthodb.org/v10?query=188054at3193	Meiotic nuclear division protein 1 homolog
188221at3193	Duplicated	NC_057926.1	40241272	40246983	+	136.8	90	https://www.orthodb.org/v10?query=188221at3193	Heat shock protein DnaJ, cysteine-rich domain containing protein
188221at3193	Duplicated	NC_057921.1	53582273	53582772	-	152.7	80	https://www.orthodb.org/v10?query=188221at3193	Heat shock protein DnaJ, cysteine-rich domain containing protein
188462at3193	Complete	NC_057920.1	15453699	15455363	+	198.2	109	https://www.orthodb.org/v10?query=188462at3193	protein SPA, chloroplastic
188597at3193	Complete	NC_057917.1	42057582	42066584	-	204.5	158	https://www.orthodb.org/v10?query=188597at3193	Ribosomal protein L9
188860at3193	Complete	NC_057920.1	13526277	13531611	+	254.4	159	https://www.orthodb.org/v10?query=188860at3193	DNA binding protein
188864at3193	Complete	NC_057918.1	9650169	9652691	+	219.1	172	https://www.orthodb.org/v10?query=188864at3193	uncharacterized protein LOC4347850
189022at3193	Duplicated	NC_057916.1	70879128	70891239	+	147.1	98	https://www.orthodb.org/v10?query=189022at3193	bifunctional adenosine 5-phosphosulfate phosphorylase/adenylylsulfatase HINT4	52.26	53	53	52.35	0.99	0.27	0.27	NA	NA	NA
189022at3193	Duplicated	NC_057921.1	58448680	58452881	+	149.7	98	https://www.orthodb.org/v10?query=189022at3193	bifunctional adenosine 5-phosphosulfate phosphorylase/adenylylsulfatase HINT4
189624at3193	Complete	NC_057922.1	18475484	18480067	+	195.4	105	https://www.orthodb.org/v10?query=189624at3193	thioredoxin-like protein CITRX, chloroplastic
189672at3193	Complete	NC_057918.1	22389520	22394970	+	274.9	176	https://www.orthodb.org/v10?query=189672at3193	Transcription termination factor, mitochondrial/chloroplastic
189828at3193	Complete	NC_057926.1	11160648	11206657	+	254.5	142	https://www.orthodb.org/v10?query=189828at3193	Phosphatidyl-N-methylethanolamine N-methyltransferase
189838at3193	Complete	NC_057916.1	28473584	28489913	+	239.4	155	https://www.orthodb.org/v10?query=189838at3193	thylakoid lumenal 15 kDa protein 1, chloroplastic
190211at3193	Complete	NC_057920.1	6057361	6063581	+	248.4	129	https://www.orthodb.org/v10?query=190211at3193	Ribosome-binding factor A
190330at3193	Complete	NC_057925.1	6515241	6516501	+	239.6	200	https://www.orthodb.org/v10?query=190330at3193	G patch domain-containing protein 11
190635at3193	Complete	NC_057922.1	20846864	20854186	-	172.0	101	https://www.orthodb.org/v10?query=190635at3193	protein PLASTID TRANSCRIPTIONALLY ACTIVE 7
190682at3193	Complete	NC_057919.1	28926115	28929448	+	122.1	75	https://www.orthodb.org/v10?query=190682at3193	LOC100846838
190765at3193	Fragmented	NC_057921.1	67235624	67242241	-	148.4	74	https://www.orthodb.org/v10?query=190765at3193	Putative lin-54 family
191064at3193	Duplicated	NC_057925.1	50457986	50466899	+	216.6	121	https://www.orthodb.org/v10?query=191064at3193	Cyanate hydratase
191064at3193	Duplicated	NC_057925.1	51024659	51025591	+	218.9	122	https://www.orthodb.org/v10?query=191064at3193	Cyanate hydratase
191064at3193	Duplicated	NC_057925.1	51015976	51017939	-	220.9	121	https://www.orthodb.org/v10?query=191064at3193	Cyanate hydratase
191077at3193	Complete	NC_057918.1	19079810	19080651	+	188.3	108	https://www.orthodb.org/v10?query=191077at3193	Tonoplast intrinsic protein, alpha (Alpha-TIP) 
191247at3193	Complete	NC_057924.1	18794779	18807272	+	217.2	135	https://www.orthodb.org/v10?query=191247at3193	D-aminoacyl-tRNA deacylase
191814at3193	Complete	NC_057921.1	1905282	1940373	+	237.0	159	https://www.orthodb.org/v10?query=191814at3193	Ankyrin repeat-containing domain
192570at3193	Complete	NC_057919.1	67554734	67568362	-	200.4	158	https://www.orthodb.org/v10?query=192570at3193	zinc finger matrin-type protein 2
192752at3193	Duplicated	NC_057916.1	19691828	19692713	+	162.2	88	https://www.orthodb.org/v10?query=192752at3193	DnaJ/Hsp40 cysteine-rich domain superfamily protein
192752at3193	Duplicated	NC_057917.1	42290733	42291490	-	164.8	88	https://www.orthodb.org/v10?query=192752at3193	DnaJ/Hsp40 cysteine-rich domain superfamily protein
193065at3193	Complete	NC_057923.1	5342478	5342963	+	155.4	115	https://www.orthodb.org/v10?query=193065at3193	CST complex subunit STN1
193252at3193	Complete	NC_057916.1	9538418	9547153	+	209.9	138	https://www.orthodb.org/v10?query=193252at3193	Tetratricopeptide repeat
193277at3193	Complete	NC_057920.1	11981530	11983816	-	231.0	145	https://www.orthodb.org/v10?query=193277at3193	Thioredoxin domain
193769at3193	Complete	NC_057921.1	31403399	31417215	-	253.7	137	https://www.orthodb.org/v10?query=193769at3193	Single-stranded DNA-binding protein
193818at3193	Complete	NC_057916.1	3121480	3125070	-	218.7	111	https://www.orthodb.org/v10?query=193818at3193	iron-sulfur assembly protein IscA, chloroplastic
193899at3193	Duplicated	NC_057922.1	18032457	18042412	-	156.4	115	https://www.orthodb.org/v10?query=193899at3193	Ankyrin repeat-containing domain
193899at3193	Duplicated	NC_057925.1	13161003	13169173	-	163.0	115	https://www.orthodb.org/v10?query=193899at3193	Ankyrin repeat-containing domain
193902at3193	Complete	NC_057924.1	16295125	16308175	-	204.9	182	https://www.orthodb.org/v10?query=193902at3193	PRA1 family protein
193910at3193	Fragmented	NW_025318224.1	11	478	-	63.3	90	https://www.orthodb.org/v10?query=193910at3193	serine/Arginine-related protein 53
193996at3193	Complete	NC_057917.1	12234536	12237365	+	285.9	156	https://www.orthodb.org/v10?query=193996at3193	Ribosomal protein L9
194116at3193	Complete	NC_057925.1	62414778	62415737	+	237.4	177	https://www.orthodb.org/v10?query=194116at3193	dnaJ homolog subfamily C member 2
194228at3193	Complete	NC_057916.1	86156456	86158360	-	276.6	199	https://www.orthodb.org/v10?query=194228at3193	RNA uridylyltransferase
194233at3193	Complete	NC_057917.1	84184916	84195704	-	139.3	93	https://www.orthodb.org/v10?query=194233at3193	ribonuclease H2 subunit C
194237at3193	Complete	NC_057925.1	1965945	1970227	+	200.9	125	https://www.orthodb.org/v10?query=194237at3193	Ubiquitin-conjugating enzyme E2
194511at3193	Complete	NC_057919.1	29748803	29749609	+	293.4	192	https://www.orthodb.org/v10?query=194511at3193	U11/U12 small nuclear ribonucleoprotein 31 kDa protein
195058at3193	Complete	NC_057917.1	77218786	77220181	-	219.7	141	https://www.orthodb.org/v10?query=195058at3193	myosin-G heavy chain-like protein
195205at3193	Complete	NC_057925.1	57111164	57116003	-	204.4	107	https://www.orthodb.org/v10?query=195205at3193	Ribosomal protein L18
195656at3193	Complete	NC_057919.1	5954555	5955384	-	166.9	109	https://www.orthodb.org/v10?query=195656at3193	zinc finger SWIM domain-containing protein 7
195796at3193	Complete	NC_057923.1	64503613	64504212	-	206.1	114	https://www.orthodb.org/v10?query=195796at3193	Rubredoxin
196221at3193	Complete	NW_025317969.1	0	2775	-	218.8	137	https://www.orthodb.org/v10?query=196221at3193	Pterin 4 alpha carbinolamine dehydratase
196273at3193	Complete	NC_057924.1	4206172	4208039	-	230.3	125	https://www.orthodb.org/v10?query=196273at3193	Chaperonin-like RbcX
196323at3193	Complete	NC_057918.1	68809635	68818163	+	74.1	83	https://www.orthodb.org/v10?query=196323at3193	zinc finger HIT domain-containing protein 3
196423at3193	Complete	NC_057919.1	69824489	69826261	-	214.5	135	https://www.orthodb.org/v10?query=196423at3193	nucleolar protein 16
196442at3193	Complete	NC_057916.1	36463062	36465448	-	189.0	103	https://www.orthodb.org/v10?query=196442at3193	uncharacterized protein LOC101509912
196453at3193	Complete	NC_057919.1	25213250	25246694	+	158.0	94	https://www.orthodb.org/v10?query=196453at3193	Heat shock protein DnaJ, cysteine-rich domain containing protein
196776at3193	Complete	NC_057916.1	52072805	52080922	+	134.2	93	https://www.orthodb.org/v10?query=196776at3193	U3 small nucleolar RNA-associated protein 14 B isoform 1
196894at3193	Complete	NC_057917.1	76515193	76519314	-	195.1	223	https://www.orthodb.org/v10?query=196894at3193	uncharacterized protein C17orf53 homolog
197017at3193	Complete	NC_057917.1	70012294	70012884	+	220.8	130	https://www.orthodb.org/v10?query=197017at3193	serotonin N-acetyltransferase 2, chloroplastic
197152at3193	Complete	NC_057920.1	18019721	18020098	+	177.3	102	https://www.orthodb.org/v10?query=197152at3193	uncharacterized protein At4g08330, chloroplastic
197330at3193	Complete	NC_057916.1	12156497	12162861	-	243.2	166	https://www.orthodb.org/v10?query=197330at3193	RNA-binding domain superfamily
197413at3193	Complete	NC_057921.1	61602281	61606205	+	179.9	157	https://www.orthodb.org/v10?query=197413at3193	ATP-dependent RNA helicase eIF4A isoform 2
197526at3193	Complete	NC_057925.1	2173878	2177606	-	188.3	104	https://www.orthodb.org/v10?query=197526at3193	protein EMBRYO SAC DEVELOPMENT ARREST 3, chloroplastic
197545at3193	Complete	NC_057922.1	52171419	52172207	-	261.7	205	https://www.orthodb.org/v10?query=197545at3193	Vesicle transport protein
197836at3193	Complete	NC_057920.1	18219955	18229373	-	185.7	113	https://www.orthodb.org/v10?query=197836at3193	INO80 complex subunit C
198718at3193	Complete	NC_057925.1	28305114	28305793	+	137.5	65	https://www.orthodb.org/v10?query=198718at3193	UPF0161 protein At3g09310
198809at3193	Complete	NC_057922.1	62372569	62375290	-	115.5	196	https://www.orthodb.org/v10?query=198809at3193	SMAD/FHA domain superfamily
198946at3193	Complete	NC_057923.1	55257589	55258800	+	258.2	144	https://www.orthodb.org/v10?query=198946at3193	GATA-type transcription activator
199345at3193	Complete	NC_057917.1	83234457	83240522	-	149.0	120	https://www.orthodb.org/v10?query=199345at3193	DUF212
199467at3193	Complete	NC_057917.1	64022317	64026350	+	250.0	214	https://www.orthodb.org/v10?query=199467at3193	protein OVEREXPRESSOR OF CATIONIC PEROXIDASE 3
199845at3193	Duplicated	NC_057916.1	72501646	72504395	+	230.2	142	https://www.orthodb.org/v10?query=199845at3193	ycf20-like protein
199845at3193	Duplicated	NC_057921.1	63214002	63214472	+	241.1	143	https://www.orthodb.org/v10?query=199845at3193	ycf20-like protein
199941at3193	Complete	NC_057920.1	36722852	36748091	+	169.9	108	https://www.orthodb.org/v10?query=199941at3193	prefoldin subunit 1
200083at3193	Complete	NC_057918.1	21449921	21454583	+	225.8	149	https://www.orthodb.org/v10?query=200083at3193	Armadillo-type fold
200210at3193	Complete	NC_057926.1	50820760	50822764	-	188.7	127	https://www.orthodb.org/v10?query=200210at3193	NAD(P)H-quinone oxidoreductase subunit L, chloroplastic
200301at3193	Complete	NC_057922.1	20086815	20090247	+	223.9	122	https://www.orthodb.org/v10?query=200301at3193	Proline-rich family protein
200869at3193	Complete	NC_057926.1	27095847	27121187	+	142.8	90	https://www.orthodb.org/v10?query=200869at3193	Ribosomal protein L35
201012at3193	Complete	NC_057917.1	77845399	77845737	-	156.7	78	https://www.orthodb.org/v10?query=201012at3193	LSM domain, eukaryotic/archaea-type
201093at3193	Complete	NC_057916.1	25351576	25358483	+	155.5	96	https://www.orthodb.org/v10?query=201093at3193	RNA-binding domain superfamily
201638at3193	Complete	NC_057925.1	41208959	41236546	+	185.1	142	https://www.orthodb.org/v10?query=201638at3193	NADH dehydrogenase 
202147at3193	Duplicated	NC_057922.1	67119526	67119867	+	188.9	106	https://www.orthodb.org/v10?query=202147at3193	RmlC-like cupin domain superfamily
202147at3193	Duplicated	NC_057918.1	56456218	56456559	-	201.3	106	https://www.orthodb.org/v10?query=202147at3193	RmlC-like cupin domain superfamily
202185at3193	Complete	NC_057922.1	14887570	14891103	-	168.9	105	https://www.orthodb.org/v10?query=202185at3193	Zinc finger/BTB domain protein
202482at3193	Complete	NC_057920.1	12591142	12605887	+	179.0	132	https://www.orthodb.org/v10?query=202482at3193	protein canopy-1
202553at3193	Complete	NC_057924.1	63574447	63592760	-	211.0	112	https://www.orthodb.org/v10?query=202553at3193	uncharacterized protein LOC107864445
202565at3193	Duplicated	NC_057924.1	34801595	34803114	+	147.6	105	https://www.orthodb.org/v10?query=202565at3193	proteasome assembly chaperone 4
202565at3193	Duplicated	NC_057924.1	57445391	57446894	-	152.8	105	https://www.orthodb.org/v10?query=202565at3193	proteasome assembly chaperone 4
202565at3193	Duplicated	NC_057918.1	39920545	39925328	-	156.3	104	https://www.orthodb.org/v10?query=202565at3193	proteasome assembly chaperone 4
202942at3193	Complete	NC_057916.1	36333855	36334301	-	185.8	98	https://www.orthodb.org/v10?query=202942at3193	Ferredoxin
203343at3193	Complete	NC_057918.1	11183924	11184508	-	228.3	111	https://www.orthodb.org/v10?query=203343at3193	NAD(P)-linked oxidoreductase superfamily protein
203809at3193	Duplicated	NC_057918.1	12551112	12554096	+	177.4	91	https://www.orthodb.org/v10?query=203809at3193	Peptidyl-prolyl cis-trans isomerase
203809at3193	Duplicated	NC_057923.1	15346547	15349266	-	182.1	96	https://www.orthodb.org/v10?query=203809at3193	Peptidyl-prolyl cis-trans isomerase
203933at3193	Complete	NC_057919.1	924549	953095	+	225.0	166	https://www.orthodb.org/v10?query=203933at3193	uncharacterized protein LOC101506354
204060at3193	Complete	NC_057916.1	75848400	75863060	-	173.0	99	https://www.orthodb.org/v10?query=204060at3193	BLOC-1-related complex subunit 6
204197at3193	Duplicated	NC_057921.1	52158137	52170959	-	117.4	148	https://www.orthodb.org/v10?query=204197at3193	LYR motif protein
204197at3193	Duplicated	NC_057922.1	38618610	38640522	-	125.5	126	https://www.orthodb.org/v10?query=204197at3193	LYR motif protein
204437at3193	Complete	NC_057925.1	53544969	53547453	-	201.1	111	https://www.orthodb.org/v10?query=204437at3193	Prefoldin subunit 4
204701at3193	Complete	NC_057922.1	5138501	5139174	+	214.4	132	https://www.orthodb.org/v10?query=204701at3193	stress enhanced protein 2, chloroplastic
204800at3193	Complete	NC_057922.1	64111692	64124592	+	244.6	154	https://www.orthodb.org/v10?query=204800at3193	NAD(P)H-quinone oxidoreductase subunit U, chloroplastic
205134at3193	Complete	NC_057918.1	4185067	4189845	+	162.2	112	https://www.orthodb.org/v10?query=205134at3193	protein Iojap-related, mitochondrial
205166at3193	Complete	NC_057922.1	29119659	29121618	+	171.1	101	https://www.orthodb.org/v10?query=205166at3193	uncharacterized protein LOC4352412
205334at3193	Duplicated	NC_057924.1	48197683	48205773	+	134.8	99	https://www.orthodb.org/v10?query=205334at3193	kxDL motif-containing protein 1
205334at3193	Duplicated	NC_057917.1	78000678	78005123	+	149.1	100	https://www.orthodb.org/v10?query=205334at3193	kxDL motif-containing protein 1
205399at3193	Complete	NC_057917.1	68401540	68402004	+	143.8	111	https://www.orthodb.org/v10?query=205399at3193	uncharacterized protein LOC100840378
205878at3193	Complete	NC_057924.1	4258088	4258763	+	174.7	145	https://www.orthodb.org/v10?query=205878at3193	Adenine phosphoribosyltransferase
205887at3193	Complete	NC_057916.1	34975106	34976411	-	119.9	87	https://www.orthodb.org/v10?query=205887at3193	UPF0690 protein C1orf52 homolog
205963at3193	Complete	NC_057917.1	12904538	12919023	-	136.1	103	https://www.orthodb.org/v10?query=205963at3193	uncharacterized protein LOC103867251
206508at3193	Complete	NC_057919.1	25960501	25964031	+	177.1	125	https://www.orthodb.org/v10?query=206508at3193	spindle and kinetochore-associated protein 2
206707at3193	Complete	NC_057918.1	19456855	19460146	+	165.9	89	https://www.orthodb.org/v10?query=206707at3193	Glutaredoxin-like protein
206860at3193	Complete	NC_057918.1	23577187	23577480	+	151.6	83	https://www.orthodb.org/v10?query=206860at3193	Cytochrome b5-like heme/steroid binding domain
206888at3193	Complete	NC_057917.1	19171647	19178872	-	116.4	91	https://www.orthodb.org/v10?query=206888at3193	recQ-mediated genome instability protein 2
207344at3193	Complete	NC_057918.1	69116827	69117492	+	125.3	87	https://www.orthodb.org/v10?query=207344at3193	uncharacterized protein LOC110910465
207476at3193	Complete	NC_057918.1	1001250	1002183	-	185.6	100	https://www.orthodb.org/v10?query=207476at3193	Rubredoxin-like domain
207533at3193	Complete	NC_057923.1	47916862	47917568	-	224.7	118	https://www.orthodb.org/v10?query=207533at3193	uncharacterized protein LOC101503973
207537at3193	Missing
207739at3193	Complete	NC_057918.1	5963529	5967165	-	165.9	78	https://www.orthodb.org/v10?query=207739at3193	uncharacterized protein LOC112190071
207787at3193	Complete	NC_057917.1	8100684	8106442	-	163.4	100	https://www.orthodb.org/v10?query=207787at3193	RNA-binding domain superfamily
208235at3193	Complete	NC_057924.1	61199832	61200710	+	224.5	160	https://www.orthodb.org/v10?query=208235at3193	NUDIX hydrolase-like domain superfamily
209041at3193	Complete	NC_057919.1	1501983	1502417	-	171.8	114	https://www.orthodb.org/v10?query=209041at3193	thymocyte nuclear protein 1
210007at3193	Complete	NC_057917.1	1601444	1602005	+	178.9	92	https://www.orthodb.org/v10?query=210007at3193	AT5g02160
210177at3193	Complete	NC_057923.1	7990745	7991188	-	229.5	139	https://www.orthodb.org/v10?query=210177at3193	Protein of unknown function DUF1118
210541at3193	Duplicated	NC_057925.1	52139435	52140216	-	173.6	110	https://www.orthodb.org/v10?query=210541at3193	uncharacterized protein LOC108989298
210541at3193	Duplicated	NC_057925.1	52122207	52123023	+	174.5	111	https://www.orthodb.org/v10?query=210541at3193	uncharacterized protein LOC108989298
210672at3193	Complete	NC_057918.1	35928697	35929194	+	214.2	123	https://www.orthodb.org/v10?query=210672at3193	DNL-type zinc finger protein
210791at3193	Complete	NC_057923.1	58317905	58321436	+	182.0	135	https://www.orthodb.org/v10?query=210791at3193	DnaJ domain
210833at3193	Complete	NC_057918.1	14631439	14638097	+	206.2	119	https://www.orthodb.org/v10?query=210833at3193	Protein of unknown function DUF1118
211122at3193	Complete	NC_057918.1	17976527	17978697	-	186.5	107	https://www.orthodb.org/v10?query=211122at3193	uncharacterized protein LOC112039661
211137at3193	Complete	NC_057921.1	23897452	23908476	-	124.6	64	https://www.orthodb.org/v10?query=211137at3193	Conserved gene of unknown function 
211824at3193	Complete	NC_057922.1:23828747-70341564	23828747	23839380	+	188.3	124	https://www.orthodb.org/v10?query=211824at3193	BSD domain
212287at3193	Complete	NC_057926.1	57212546	57214597	-	152.9	96	https://www.orthodb.org/v10?query=212287at3193	mitochondrial intermembrane space import and assembly protein 40
212586at3193	Complete	NC_057919.1	10177198	10177638	-	168.0	98	https://www.orthodb.org/v10?query=212586at3193	Domain of unknown function DUF1279
212874at3193	Duplicated	NC_057918.1	14847456	14863585	+	223.5	135	https://www.orthodb.org/v10?query=212874at3193	uncharacterized protein LOC108321598
212874at3193	Duplicated	NC_057922.1	57090339	57102138	-	228.8	136	https://www.orthodb.org/v10?query=212874at3193	uncharacterized protein LOC108321598
212908at3193	Complete	NC_057925.1	48427017	48427395	-	150.2	70	https://www.orthodb.org/v10?query=212908at3193	uncharacterized protein LOC107433866
213464at3193	Complete	NC_057917.1	53088735	53100051	+	116.3	79	https://www.orthodb.org/v10?query=213464at3193	Protein FAM204A
213697at3193	Complete	NC_057916.1	24701354	24701860	-	118.0	119	https://www.orthodb.org/v10?query=213697at3193	uncharacterized protein LOC100837683
213743at3193	Complete	NC_057926.1	50355399	50358943	+	137.5	85	https://www.orthodb.org/v10?query=213743at3193	Protein translocase complex, SecE/Sec61-gamma subunit
214134at3193	Duplicated	NC_057923.1	60025309	60028431	-	126.8	72	https://www.orthodb.org/v10?query=214134at3193	2,3-bisphosphoglycerate-dependent phosphoglycerate mutase
214134at3193	Duplicated	NC_057925.1	10007763	10029680	-	129.0	72	https://www.orthodb.org/v10?query=214134at3193	2,3-bisphosphoglycerate-dependent phosphoglycerate mutase
214225at3193	Duplicated	NC_057916.1	10958129	10962710	-	210.4	111	https://www.orthodb.org/v10?query=214225at3193	protein disulfide-isomerase 5-1
214225at3193	Duplicated	NC_057917.1	8378869	8384125	-	213.1	111	https://www.orthodb.org/v10?query=214225at3193	protein disulfide-isomerase 5-1
214962at3193	Complete	NC_057917.1	45381269	45381771	+	137.1	69	https://www.orthodb.org/v10?query=214962at3193	Protein of unknown function DUF3148
214985at3193	Complete	NC_057918.1	71922322	71943833	+	241.3	132	https://www.orthodb.org/v10?query=214985at3193	Chitinase-like protein
216147at3193	Complete	NC_057916.1	77747803	77750835	+	173.2	107	https://www.orthodb.org/v10?query=216147at3193	Chromosome transmission fidelity protein
216356at3193	Complete	NC_057921.1	61529779	61534736	+	128.7	132	https://www.orthodb.org/v10?query=216356at3193	Coiled-coil protein
216383at3193	Duplicated	NC_057917.1	53316666	53319104	+	109.0	62	https://www.orthodb.org/v10?query=216383at3193	UPF0426 protein At1g28150, chloroplastic
216383at3193	Duplicated	NC_057926.1	57246025	57247800	-	115.4	62	https://www.orthodb.org/v10?query=216383at3193	UPF0426 protein At1g28150, chloroplastic
216839at3193	Complete	NC_057925.1	47813580	47815362	-	138.2	80	https://www.orthodb.org/v10?query=216839at3193	uncharacterized protein LOC109357083
216846at3193	Complete	NC_057918.1	51081082	51081531	-	105.9	79	https://www.orthodb.org/v10?query=216846at3193	uncharacterized protein LOC103949029
217135at3193	Complete	NC_057918.1	1217208	1238700	-	151.3	94	https://www.orthodb.org/v10?query=217135at3193	protein MHF1 homolog
217208at3193	Complete	NC_057922.1	142919	145665	+	115.7	65	https://www.orthodb.org/v10?query=217208at3193	protein BOLA2
217398at3193	Complete	NC_057920.1	6617052	6617578	+	154.5	74	https://www.orthodb.org/v10?query=217398at3193	subtilisin-like protease
217409at3193	Complete	NC_057918.1	16409307	16409705	-	186.5	119	https://www.orthodb.org/v10?query=217409at3193	transmembrane protein 234 homolog
217633at3193	Complete	NC_057918.1	35373276	35463063	-	183.0	106	https://www.orthodb.org/v10?query=217633at3193	uncharacterized protein LOC111020449
218126at3193	Complete	NC_057924.1	3260273	3264781	-	167.8	121	https://www.orthodb.org/v10?query=218126at3193	Sulfate adenylyltransferase subunit
218847at3193	Complete	NC_057917.1	11852600	11852938	+	104.6	50	https://www.orthodb.org/v10?query=218847at3193	uncharacterized protein LOC109784389
218897at3193	Complete	NC_057920.1	1936607	1937502	+	107.6	63	https://www.orthodb.org/v10?query=218897at3193	photosystem I reaction center subunit N
219117at3193	Duplicated	NC_057924.1	61236328	61243043	+	147.5	106	https://www.orthodb.org/v10?query=219117at3193	membrane magnesium transporter
219117at3193	Duplicated	NC_057917.1	81832518	81837509	-	157.4	90	https://www.orthodb.org/v10?query=219117at3193	membrane magnesium transporter
219680at3193	Complete	NC_057917.1	61874455	61874646	-	109.6	60	https://www.orthodb.org/v10?query=219680at3193	uncharacterized protein LOC112016202
219764at3193	Complete	NC_057920.1	9035172	9035687	+	194.3	111	https://www.orthodb.org/v10?query=219764at3193	uncharacterized protein LOC102578315
220203at3193	Complete	NC_057923.1	3940063	3942047	+	99.1	90	https://www.orthodb.org/v10?query=220203at3193	uncharacterized protein LOC103961444
220518at3193	Duplicated	NC_057917.1	79711535	79713744	+	130.3	89	https://www.orthodb.org/v10?query=220518at3193	Snapin
220518at3193	Duplicated	NC_057924.1	55221485	55228667	+	146.8	89	https://www.orthodb.org/v10?query=220518at3193	Snapin
220874at3193	Duplicated	NW_025317602.1	830	1169	-	126.6	65	https://www.orthodb.org/v10?query=220874at3193	Excitatory amino acid transporter
220874at3193	Duplicated	NC_057924.1	63448016	63448367	+	127.0	65	https://www.orthodb.org/v10?query=220874at3193	Excitatory amino acid transporter
223334at3193	Complete	NC_057917.1	73717678	73718035	-	101.7	55	https://www.orthodb.org/v10?query=223334at3193	uncharacterized protein LOC107798440
225752at3193	Complete	NW_025317351.1	171883	172170	-	155.3	83	https://www.orthodb.org/v10?query=225752at3193	2,3-bisphosphoglycerate-independent phosphoglycerate mutase
	66.91	68	70	67.46	1.28	0.31	0.35	NA	NA	NA
